"","lter","site","driver","units","max","max.units","min","min.units","max.slope","max.p","min.slope","min.p","a.rms","n.rms","snr","theta.d","theta.a","sigma.hf","sigma.lf","q2","q10","l2","l10"
"El Verde","Luq","El Verde","Precipitation","mm + 20",335,"days",365,"days",-1.6828,0.04041,-0.001356,0.09011,1.24322228463179e-05,2.61997961750366e-07,77.1942054702664,1.22695198229705,1.7963720605663,0.00136454319609577,2.43454439152869e-05,1.00000188615482,1.00115121831992,0.998504158207397,0.998504129731115
